{"epochs": 20, "loss": 1.1493456363677979, "accuracy": 0.5389125799573561, "_runtime": 357, "_timestamp": 1650674334, "_step": 19, "_wandb": {"runtime": 354}}